{
  "num_log_rows_total": 34,
  "num_log_rows_with_reward_or_kl": 34,
  "metric_keys": [
    "frac_reward_zero_std",
    "kl",
    "reward",
    "reward_std",
    "rewards/wrapped_reward_func/mean",
    "rewards/wrapped_reward_func/std"
  ],
  "metrics": {
    "frac_reward_zero_std": {
      "count": 7,
      "last": 0.0,
      "mean": 0.125,
      "min": 0.0,
      "max": 0.3125
    },
    "kl": {
      "count": 34,
      "last": 0.005694551509805024,
      "mean": 0.0030720548445470723,
      "min": 0.0009226436377502978,
      "max": 0.0073213165160268545
    },
    "reward": {
      "count": 7,
      "last": 0.44609376788139343,
      "mean": 0.4149553690637861,
      "min": 0.2796875238418579,
      "max": 0.54296875
    },
    "reward_std": {
      "count": 7,
      "last": 0.41200533509254456,
      "mean": 0.4018083044460842,
      "min": 0.31440070271492004,
      "max": 0.4349603056907654
    },
    "rewards/wrapped_reward_func/mean": {
      "count": 7,
      "last": 0.11152342893183231,
      "mean": 0.10373883714367237,
      "min": 0.06992187025025487,
      "max": 0.1357421912252903
    },
    "rewards/wrapped_reward_func/std": {
      "count": 7,
      "last": 0.18248574063181877,
      "mean": 0.17169555037149362,
      "min": 0.13422526977956295,
      "max": 0.18514686822891235
    }
  },
  "recent_rows": [
    {
      "loss": -0.009,
      "grad_norm": 0.16536636650562286,
      "learning_rate": 2.6804123711340204e-07,
      "kl": 0.004168533021584153,
      "entropy": 0.459549938639005,
      "clip_ratio/low_mean": 0.001572197147955497,
      "clip_ratio/low_min": 0.001572197147955497,
      "clip_ratio/high_mean": 0.0034440135738501945,
      "clip_ratio/high_max": 0.0034440135738501945,
      "clip_ratio/region_mean": 0.005016210721805692,
      "step_time": 1.1359815133335662,
      "epoch": 0.011488970588235295,
      "step": 75
    },
    {
      "loss": -0.0066,
      "grad_norm": 0.09091337770223618,
      "learning_rate": 2.3711340206185566e-07,
      "kl": 0.002315259383370479,
      "entropy": 0.5963152498006821,
      "clip_ratio/low_mean": 0.004157511051744223,
      "clip_ratio/low_min": 0.004157511051744223,
      "clip_ratio/high_mean": 0.0031969309396420917,
      "clip_ratio/high_max": 0.0031969309396420917,
      "clip_ratio/region_mean": 0.007354441991386314,
      "step_time": 1.1372644779999064,
      "epoch": 0.011948529411764705,
      "step": 78
    },
    {
      "loss": -0.0017,
      "grad_norm": 0.027556346729397774,
      "learning_rate": 2.0618556701030925e-07,
      "kl": 0.005067285615950823,
      "entropy": 0.4706419010957082,
      "clip_ratio/low_mean": 0.0035546477884054184,
      "clip_ratio/low_min": 0.0035546477884054184,
      "clip_ratio/high_mean": 0.0023530538116271296,
      "clip_ratio/high_max": 0.0023530538116271296,
      "clip_ratio/region_mean": 0.005907701522422333,
      "step_time": 4.566421002666478,
      "num_tokens": 147147.0,
      "completions/mean_length": 113.2890625,
      "completions/min_length": 49.0,
      "completions/max_length": 128.0,
      "completions/clipped_ratio": 0.5703125,
      "completions/mean_terminated_length": 93.76363372802734,
      "completions/min_terminated_length": 49.0,
      "completions/max_terminated_length": 127.0,
      "rewards/wrapped_reward_func/mean": 0.09121093805879354,
      "rewards/wrapped_reward_func/std": 0.18514686822891235,
      "reward": 0.36484378576278687,
      "reward_std": 0.43209612369537354,
      "frac_reward_zero_std": 0.0625,
      "answer_exact_match": 0.6484375,
      "eos_stop_rate": 0.0,
      "format_exact_rate": 0.1484375,
      "length_penalty_rate": 0.0,
      "parse_fail_rate": 0.0,
      "trailing_text_rate": 0.8203125,
      "sampling/sampling_logp_difference/mean": 0.029974332079291344,
      "sampling/sampling_logp_difference/max": 3.8133325576782227,
      "sampling/importance_sampling_ratio/min": 0.0,
      "sampling/importance_sampling_ratio/mean": 0.8222196102142334,
      "sampling/importance_sampling_ratio/max": 2.986398696899414,
      "epoch": 0.012408088235294117,
      "step": 81
    },
    {
      "loss": -0.0115,
      "grad_norm": 0.03716744855046272,
      "learning_rate": 1.7525773195876286e-07,
      "kl": 0.004425217649744202,
      "entropy": 0.45935438573360443,
      "clip_ratio/low_mean": 0.0013244217649723093,
      "clip_ratio/low_min": 0.0013244217649723093,
      "clip_ratio/high_mean": 0.0003472222403312723,
      "clip_ratio/high_max": 0.0003472222403312723,
      "clip_ratio/region_mean": 0.0016716440053035815,
      "step_time": 1.1563737690001592,
      "epoch": 0.012867647058823529,
      "step": 84
    },
    {
      "loss": 0.0063,
      "grad_norm": 0.07205375283956528,
      "learning_rate": 1.4432989690721648e-07,
      "kl": 0.0043819605295235915,
      "entropy": 0.42609256505966187,
      "clip_ratio/low_mean": 0.0011003360462685425,
      "clip_ratio/low_min": 0.0011003360462685425,
      "clip_ratio/high_mean": 0.001501942480293413,
      "clip_ratio/high_max": 0.001501942480293413,
      "clip_ratio/region_mean": 0.0026022785265619555,
      "step_time": 1.1529335529999116,
      "epoch": 0.01332720588235294,
      "step": 87
    },
    {
      "loss": 0.0004,
      "grad_norm": 0.148236483335495,
      "learning_rate": 1.134020618556701e-07,
      "kl": 0.004010186336624126,
      "entropy": 0.49328385293483734,
      "clip_ratio/low_mean": 0.0007457121585806211,
      "clip_ratio/low_min": 0.0007457121585806211,
      "clip_ratio/high_mean": 0.0008685261709615588,
      "clip_ratio/high_max": 0.0008685261709615588,
      "clip_ratio/region_mean": 0.0016142383295421798,
      "step_time": 1.1417574109997684,
      "epoch": 0.013786764705882353,
      "step": 90
    },
    {
      "loss": 0.0138,
      "grad_norm": 0.13354502618312836,
      "learning_rate": 8.24742268041237e-08,
      "kl": 0.004819340266597767,
      "entropy": 0.4733184278011322,
      "clip_ratio/low_mean": 0.003552083158865571,
      "clip_ratio/low_min": 0.003552083158865571,
      "clip_ratio/high_mean": 0.0024606887018308043,
      "clip_ratio/high_max": 0.0024606887018308043,
      "clip_ratio/region_mean": 0.0060127720547219115,
      "step_time": 1.1435426600002454,
      "epoch": 0.014246323529411764,
      "step": 93
    },
    {
      "loss": -0.0118,
      "grad_norm": 0.06267258524894714,
      "learning_rate": 5.154639175257731e-08,
      "kl": 0.004996520622322957,
      "entropy": 0.5105851242939631,
      "clip_ratio/low_mean": 0.0018424645531922579,
      "clip_ratio/low_min": 0.0018424645531922579,
      "clip_ratio/high_mean": 0.00107794557698071,
      "clip_ratio/high_max": 0.00107794557698071,
      "clip_ratio/region_mean": 0.002920410130172968,
      "step_time": 1.1539756636667942,
      "epoch": 0.014705882352941176,
      "step": 96
    },
    {
      "loss": -0.0206,
      "grad_norm": 0.07308667153120041,
      "learning_rate": 2.0618556701030925e-08,
      "num_tokens": 170022.0,
      "completions/mean_length": 108.7734375,
      "completions/min_length": 59.0,
      "completions/max_length": 128.0,
      "completions/clipped_ratio": 0.4296875,
      "completions/mean_terminated_length": 94.28767395019531,
      "completions/min_terminated_length": 59.0,
      "completions/max_terminated_length": 128.0,
      "rewards/wrapped_reward_func/mean": 0.11152342893183231,
      "rewards/wrapped_reward_func/std": 0.18248574063181877,
      "reward": 0.44609376788139343,
      "reward_std": 0.41200533509254456,
      "frac_reward_zero_std": 0.0,
      "answer_exact_match": 0.7109375,
      "eos_stop_rate": 0.0,
      "format_exact_rate": 0.2421875,
      "length_penalty_rate": 0.0,
      "parse_fail_rate": 0.0,
      "trailing_text_rate": 0.84375,
      "sampling/sampling_logp_difference/mean": 0.02947366051375866,
      "sampling/sampling_logp_difference/max": 2.9998302459716797,
      "sampling/importance_sampling_ratio/min": 0.0,